code,company,name,gender,age,age_group
0.0,4You,Roy Braun,male,21.0,Young
1.0,4You,Joseph Holsten,male,37.0,Adult
2.0,4You,Wilma Mcinnis,female,48.0,Mid-Age
3.0,4You,Paula Daniel,female,23.0,Young
4.0,4You,Patricia Carson,female,44.0,Adult
6.0,4You,Jesse Decelle,male,46.0,Mid-Age
7.0,4You,Gregoria Gil,female,21.0,Young
10.0,4You,Melvin Lovejoy,male,36.0,Adult
11.0,4You,Virginia Roberts,female,61.0,Senior
12.0,4You,David Thomas,male,53.0,Mid-Age
14.0,4You,John Cody,male,37.0,Adult
15.0,4You,Janice Cudney,female,56.0,Mid-Age
16.0,4You,Shane Hubner,female,47.0,Mid-Age
19.0,4You,John Bennett,male,22.0,Young
20.0,4You,Sally Roberts,female,65.0,Senior
21.0,4You,Julia Meinhart,female,56.0,Mid-Age
22.0,4You,Michele Ashford,female,51.0,Mid-Age
23.0,4You,Leslie Sandoval,male,35.0,Adult
24.0,4You,Calvin Cuellar,male,60.0,Mid-Age
25.0,4You,Elizabeth Smith,female,64.0,Senior
26.0,4You,Yolanda Connolly,female,49.0,Mid-Age
27.0,4You,Sean Pearson,male,62.0,Senior
28.0,4You,April Miller,female,46.0,Mid-Age
29.0,4You,Lisa Natera,female,35.0,Adult
30.0,4You,Alberta Bornhorst,female,59.0,Mid-Age
32.0,4You,Wesley Locker,male,44.0,Adult
33.0,4You,Ida Turzak,female,56.0,Mid-Age
34.0,4You,Anita Petersen,female,21.0,Young
38.0,4You,Nancy Dowdy,female,47.0,Mid-Age
39.0,4You,Billie Dwight,female,48.0,Mid-Age
41.0,4You,Sandra Bissonnette,female,62.0,Senior
42.0,4You,Robert Collins,male,61.0,Senior
43.0,4You,Louise James,female,24.0,Young
44.0,4You,David Brisco,male,21.0,Young
45.0,4You,Margaret Paul,female,54.0,Mid-Age
46.0,4You,Bobby Garcia,male,42.0,Adult
47.0,4You,Kevin Lindholm,male,28.0,Young
48.0,4You,Clyde Ruiz,male,46.0,Mid-Age
49.0,4You,Charles Wilenkin,male,55.0,Mid-Age
50.0,4You,Monique Williams,female,56.0,Mid-Age
51.0,4You,Jenell Torbus,female,39.0,Adult
52.0,4You,Joyce Jacobsen,female,55.0,Mid-Age
53.0,4You,Carol Dixon,female,23.0,Young
54.0,4You,Dorothea Delaney,female,21.0,Young
57.0,4You,Dorothy Dyson,female,32.0,Adult
58.0,4You,Ernie Walker,male,37.0,Adult
60.0,4You,Fred Moreta,male,47.0,Mid-Age
61.0,4You,Susan Armstrong,female,61.0,Senior
63.0,4You,Robert Bell,male,22.0,Young
64.0,4You,Ann Moore,female,41.0,Adult
67.0,4You,Melissa Long,female,41.0,Adult
68.0,4You,Lori Friedman,female,62.0,Senior
70.0,4You,Charles Lutz,male,57.0,Mid-Age
73.0,4You,Melissa Emch,female,46.0,Mid-Age
75.0,4You,Robert Wilhite,male,65.0,Senior
77.0,4You,Helen Gorman,female,57.0,Mid-Age
79.0,4You,Margaret Bertholf,female,65.0,Senior
80.0,4You,Elissa Hubbard,female,45.0,Adult
81.0,4You,Angela Hill,female,21.0,Young
82.0,4You,Matthew Middendorf,male,60.0,Mid-Age
85.0,4You,Peter Moon,male,39.0,Adult
86.0,4You,Audrey Atwood,female,30.0,Young
87.0,4You,Marie Bowyer,female,30.0,Young
89.0,4You,Dixie Perez,female,28.0,Young
91.0,4You,Christopher Madden,male,21.0,Young
92.0,4You,Donna Day,female,43.0,Adult
96.0,4You,Mary Clarke,female,40.0,Adult
98.0,4You,Marie Ruiz,female,23.0,Young
100.0,4You,Carla Puskar,female,36.0,Adult
101.0,4You,James Banks,male,59.0,Mid-Age
102.0,4You,Henry Muhammad,male,43.0,Adult
103.0,4You,Judy Church,female,39.0,Adult
104.0,4You,Stephen Naylor,male,32.0,Adult
105.0,4You,Richard Haugen,male,31.0,Adult
107.0,4You,Lisa Martin,female,46.0,Mid-Age
108.0,4You,Becky Gonzalez,female,58.0,Mid-Age
109.0,4You,Maria Averitt,female,24.0,Young
111.0,4You,Susan Streets,female,63.0,Senior
112.0,4You,Michael Benincase,male,53.0,Mid-Age
114.0,4You,Wallace Tenney,male,47.0,Mid-Age
116.0,4You,Shawn Pennachio,male,59.0,Mid-Age
118.0,4You,Margaret Renfroe,female,45.0,Adult
119.0,4You,Justin Bedard,male,38.0,Adult
121.0,4You,Kim Frederick,male,54.0,Mid-Age
123.0,4You,Ralph Alzugaray,male,60.0,Mid-Age
124.0,4You,Rae Austin,female,54.0,Mid-Age
125.0,4You,Marshall Knight,male,61.0,Senior
128.0,4You,Alexander Carter,male,58.0,Mid-Age
129.0,4You,Angela Cooper,female,50.0,Mid-Age
130.0,4You,Robin Greek,female,65.0,Senior
131.0,4You,Terry Conteras,female,25.0,Young
133.0,4You,Ma New,female,28.0,Young
134.0,4You,Anthony Mccaslin,male,54.0,Mid-Age
135.0,4You,Jeanna Davis,female,45.0,Adult
136.0,4You,Sabrina Chance,female,53.0,Mid-Age
138.0,4You,Kathryn Otsuka,female,27.0,Young
140.0,4You,Lillian Reyes,female,65.0,Senior
142.0,4You,Richard Espericueta,male,39.0,Adult
143.0,4You,Lisa Fitch,female,37.0,Adult
144.0,4You,Samantha Link,female,53.0,Mid-Age
145.0,4You,Sandra Cruson,female,30.0,Young
146.0,4You,Ruben Flores,male,65.0,Senior
148.0,4You,Marty Ferguson,male,57.0,Mid-Age
149.0,4You,Mary Harkness,female,37.0,Adult
152.0,4You,Elisa Vizcarra,female,42.0,Adult
153.0,4You,Tona Buri,female,65.0,Senior
154.0,4You,Rex Velasquez,male,46.0,Mid-Age
156.0,4You,Shannon Buitron,female,53.0,Mid-Age
158.0,4You,Benjamin Vanbuskirk,male,52.0,Mid-Age
159.0,4You,Jack Harris,male,26.0,Young
161.0,4You,Abraham Smith,male,62.0,Senior
162.0,4You,Helen Jordan,female,21.0,Young
163.0,4You,Derek Colburn,male,59.0,Mid-Age
164.0,4You,Tyler Butler,male,35.0,Adult
167.0,4You,Robert Toney,male,65.0,Senior
168.0,4You,Lynn Quirk,female,53.0,Mid-Age
171.0,4You,Wade Cobb,male,49.0,Mid-Age
173.0,4You,Devin Shaver,male,49.0,Mid-Age
175.0,4You,Doris Marsh,female,48.0,Mid-Age
176.0,4You,Eva Grant,female,32.0,Adult
177.0,4You,Brent Jaynes,male,55.0,Mid-Age
178.0,4You,Bobby Rutledge,male,36.0,Adult
179.0,4You,Ellen Brodowski,female,55.0,Mid-Age
180.0,4You,William Prahm,male,27.0,Young
182.0,4You,Donald Anderson,male,29.0,Young
183.0,4You,Dean Lindberg,male,42.0,Adult
184.0,4You,Ronald Giunta,male,60.0,Mid-Age
185.0,4You,Robert Sherman,male,54.0,Mid-Age
186.0,4You,Doris Quinones,female,56.0,Mid-Age
187.0,4You,Merle Gravatt,male,59.0,Mid-Age
188.0,4You,Donald Kingsley,male,24.0,Young
189.0,4You,Nicholas Goodman,male,31.0,Adult
192.0,4You,Jordan Williams,male,41.0,Adult
193.0,4You,Jose Carr,male,62.0,Senior
194.0,4You,William Douthitt,male,37.0,Adult
195.0,4You,Richard Juarez,male,39.0,Adult
196.0,4You,Ora Nunez,female,59.0,Mid-Age
197.0,4You,Roger Chavers,male,23.0,Young
201.0,4You,Emerson Martindale,male,41.0,Adult
202.0,4You,Christopher Schroeder,male,34.0,Adult
203.0,4You,Gary Lamb,male,46.0,Mid-Age
206.0,4You,Lisa Mottillo,female,33.0,Adult
207.0,4You,Mary Breton,female,33.0,Adult
208.0,4You,Gertrude Fowler,female,37.0,Adult
209.0,4You,Elvin Wilhoit,male,51.0,Mid-Age
211.0,4You,Jessica Shepard,female,57.0,Mid-Age
212.0,4You,David Donovan,male,34.0,Adult
213.0,4You,Paulette Olney,female,44.0,Adult
214.0,4You,Bernice Martinez,female,62.0,Senior
218.0,4You,Marylee Hall,female,60.0,Mid-Age
221.0,4You,Ruth Nava,female,58.0,Mid-Age
222.0,4You,Kimberly Plumber,female,21.0,Young
223.0,4You,Georgina Trevino,female,36.0,Adult
224.0,4You,Lucille Merkle,female,65.0,Senior
226.0,4You,Jennifer Ladner,female,29.0,Young
228.0,4You,Robert George,male,29.0,Young
230.0,4You,Patricia Pittman,female,35.0,Adult
231.0,4You,Ronnie Stauffer,male,50.0,Mid-Age
232.0,4You,Linda Pelaez,female,29.0,Young
233.0,4You,Anna Broyles,female,63.0,Senior
234.0,4You,Antonia Mcrae,female,45.0,Adult
235.0,4You,Bonnie Martinez,female,49.0,Mid-Age
237.0,4You,Sylvia Etheridge,female,47.0,Mid-Age
238.0,4You,Charles Baker,male,38.0,Adult
239.0,4You,Julie Berman,female,51.0,Mid-Age
241.0,4You,Sonia Malaspina,female,63.0,Senior
242.0,4You,Ray Johnson,male,56.0,Mid-Age
244.0,4You,Opal Valles,female,45.0,Adult
245.0,4You,Jacqueline Sabir,female,40.0,Adult
246.0,4You,Dorothy Richardson,female,33.0,Adult
248.0,4You,Monica Chafin,female,49.0,Mid-Age
249.0,4You,George Sapp,male,26.0,Young
250.0,4You,Jeff Veno,male,38.0,Adult
251.0,4You,Tommy Burns,male,25.0,Young
253.0,4You,Barbara Knight,female,41.0,Adult
255.0,4You,Arthur Hoag,male,31.0,Adult
257.0,4You,Carolyn Miller,female,39.0,Adult
258.0,4You,Walter Letchworth,male,35.0,Adult
262.0,4You,Ramon Santistevan,male,33.0,Adult
264.0,4You,Prince Webster,male,40.0,Adult
265.0,4You,Patricia Ives,female,30.0,Young
266.0,4You,Larry Decker,male,45.0,Adult
267.0,4You,Patricia Elwell,female,40.0,Adult
270.0,4You,Dustin Owens,male,51.0,Mid-Age
271.0,4You,Scott Schreyer,male,63.0,Senior
272.0,4You,Genevieve May,female,56.0,Mid-Age
273.0,4You,John Evans,male,52.0,Mid-Age
274.0,4You,Alejandro Perry,male,61.0,Senior
278.0,4You,Willie Lopez,male,36.0,Adult
279.0,4You,Mildred Jackson,female,49.0,Mid-Age
280.0,4You,Stephen Diaz,male,26.0,Young
283.0,4You,Barbara Faust,female,42.0,Adult
284.0,4You,Adam Pittman,male,32.0,Adult
286.0,4You,Ellen Hanks,female,43.0,Adult
289.0,4You,Ethel Duffy,female,34.0,Adult
291.0,4You,Larry Dupree,male,36.0,Adult
294.0,4You,Dawn Harris,female,22.0,Young
295.0,4You,Jenna Center,female,60.0,Mid-Age
298.0,4You,Gary Schwab,male,29.0,Young
302.0,4You,Anne Brown,female,42.0,Adult
303.0,4You,Richard Gomez,male,56.0,Mid-Age
304.0,4You,James Lord,male,32.0,Adult
305.0,4You,Sarah Willis,female,50.0,Mid-Age
307.0,4You,Robert Legros,male,59.0,Mid-Age
308.0,4You,Doris Ramirez,female,27.0,Young
309.0,4You,David Robinson,male,33.0,Adult
312.0,4You,Ulysses Barker,male,40.0,Adult
313.0,4You,Judith Pierce,female,23.0,Young
314.0,4You,Matthew Johnson,male,50.0,Mid-Age
316.0,4You,Charlotte Johnson,female,64.0,Senior
317.0,4You,Adam Groome,male,54.0,Mid-Age
319.0,4You,Anthony Jarrett,male,28.0,Young
320.0,4You,Reginald Doherty,male,33.0,Adult
322.0,4You,Wallace Gallardo,male,56.0,Mid-Age
323.0,4You,Jean Obrien,female,53.0,Mid-Age
326.0,4You,Marian Dunn,female,63.0,Senior
327.0,4You,Vanessa Nobles,female,32.0,Adult
328.0,4You,Tracy Mccracken,female,53.0,Mid-Age
329.0,4You,Amanda Hanson,female,46.0,Mid-Age
331.0,4You,Edward Grayson,male,41.0,Adult
334.0,4You,Mitchell Goss,male,45.0,Adult
336.0,4You,Edith Franco,female,22.0,Young
338.0,4You,Randy Sao,male,65.0,Senior
339.0,4You,Stephen Midgett,male,33.0,Adult
342.0,4You,Tina Tomasek,female,22.0,Young
343.0,4You,Eric Fuller,male,47.0,Mid-Age
344.0,4You,Gary Hanson,male,33.0,Adult
346.0,4You,Jeffrey Forester,male,57.0,Mid-Age
347.0,4You,Keith Sherman,male,35.0,Adult
348.0,4You,Mathilde Boone,female,52.0,Mid-Age
349.0,4You,Isabel Guthrie,female,36.0,Adult
350.0,4You,Sam Abernathy,male,25.0,Young
352.0,4You,Alicia Watts,female,36.0,Adult
353.0,4You,Ricky Baker,male,57.0,Mid-Age
355.0,4You,Debra Bailey,female,61.0,Senior
357.0,4You,Kathryn Childress,female,37.0,Adult
358.0,4You,Rickey Orouke,male,46.0,Mid-Age
359.0,4You,Virgil Hauck,male,48.0,Mid-Age
360.0,4You,William Williams,male,49.0,Mid-Age
361.0,4You,Curtis Sexton,male,33.0,Adult
362.0,4You,Kyle Young,male,59.0,Mid-Age
363.0,4You,Abby Small,female,25.0,Young
364.0,4You,Kristina Schuetz,female,48.0,Mid-Age
365.0,4You,Eunice Burns,female,24.0,Young
368.0,4You,Mark Nemec,male,25.0,Young
369.0,4You,Bart Haverstock,male,21.0,Young
373.0,4You,Jame Carter,female,65.0,Senior
374.0,4You,Kristopher Runyon,male,25.0,Young
376.0,4You,Dale Mazur,male,47.0,Mid-Age
377.0,4You,Larry Faron,male,24.0,Young
381.0,4You,Victor Remington,male,52.0,Mid-Age
384.0,4You,Eulalia White,female,45.0,Adult
385.0,4You,Jeffery Gill,male,53.0,Mid-Age
386.0,4You,Katlyn Hsiao,female,44.0,Adult
388.0,4You,Virgie Humphrys,female,23.0,Young
391.0,4You,Philip Robertson,male,49.0,Mid-Age
392.0,4You,Cameron Williams,male,27.0,Young
393.0,4You,Kelly Subido,female,23.0,Young
395.0,4You,Caroline Eaton,female,49.0,Mid-Age
396.0,4You,Douglas Shields,male,39.0,Adult
397.0,4You,Robert Clark,male,28.0,Young
398.0,4You,Christine Spillane,female,29.0,Young
399.0,4You,Shirley Blacklock,female,36.0,Adult
400.0,4You,Cathy Childs,female,52.0,Mid-Age
402.0,4You,Philip Rose,male,48.0,Mid-Age
406.0,4You,William Jemmott,male,21.0,Young
407.0,4You,Fernande Conover,female,25.0,Young
411.0,4You,Debbie Green,female,24.0,Young
413.0,4You,Clifford Fagen,male,63.0,Senior
416.0,4You,Mary Rivera,female,37.0,Adult
420.0,4You,April Williams,female,46.0,Mid-Age
423.0,4You,Sandra Sawin,female,21.0,Young
424.0,4You,Diana Mcelrath,female,59.0,Mid-Age
425.0,4You,Dorothy Martin,female,61.0,Senior
427.0,4You,Margaret Morley,female,63.0,Senior
429.0,4You,Brian Zimmermann,male,44.0,Adult
430.0,4You,Sharyl Simmons,female,36.0,Adult
432.0,4You,Linda Speight,female,52.0,Mid-Age
434.0,4You,Johnny Odom,male,29.0,Young
435.0,4You,Eric Barakat,male,57.0,Mid-Age
438.0,4You,Michael Stroik,male,44.0,Adult
441.0,4You,Robert Coronado,male,32.0,Adult
442.0,4You,Renee Brock,female,24.0,Young
443.0,4You,Alberto Hamner,male,24.0,Young
445.0,4You,Laura Burns,female,23.0,Young
446.0,4You,Henry Burkhard,male,46.0,Mid-Age
448.0,4You,Marion Casey,female,28.0,Young
449.0,4You,Valerie Gonzalez,female,61.0,Senior
451.0,4You,Derick Krausz,male,46.0,Mid-Age
455.0,Monsters CYA,Dana Looney,female,56.0,Mid-Age
456.0,Monsters CYA,Gertrude Rice,female,36.0,Adult
457.0,Monsters CYA,Leonel Richardson,male,49.0,Mid-Age
458.0,Monsters CYA,Donald Jansen,male,22.0,Young
459.0,Monsters CYA,Joseph Silva,male,50.0,Mid-Age
460.0,Monsters CYA,William Washington,male,63.0,Senior
461.0,Monsters CYA,Ma Hall,female,63.0,Senior
462.0,Monsters CYA,David Leone,male,43.0,Adult
464.0,Monsters CYA,Zachary Richardson,male,60.0,Mid-Age
466.0,Monsters CYA,Walter Ortiz,male,52.0,Mid-Age
467.0,Monsters CYA,Justin Emmons,male,31.0,Adult
468.0,Monsters CYA,Robert Terrell,male,47.0,Mid-Age
470.0,Monsters CYA,Ima Borne,female,23.0,Young
471.0,Monsters CYA,Norma Brady,female,26.0,Young
472.0,Monsters CYA,Helen Heavilin,female,28.0,Young
473.0,Monsters CYA,Anita Smothers,female,48.0,Mid-Age
474.0,Monsters CYA,Dorothy Sample,female,48.0,Mid-Age
475.0,Monsters CYA,Cindy Sullivan,female,44.0,Adult
476.0,Monsters CYA,Major Girard,male,31.0,Adult
480.0,Monsters CYA,Donna Koonce,female,32.0,Adult
482.0,Monsters CYA,William Northey,male,31.0,Adult
484.0,Monsters CYA,Julie Bourgeois,female,44.0,Adult
488.0,Monsters CYA,Sonja Bell,female,56.0,Mid-Age
491.0,Monsters CYA,Lazaro Jordan,male,65.0,Senior
492.0,Monsters CYA,Scott Chavez,male,36.0,Adult
493.0,Monsters CYA,Artie Ladner,female,48.0,Mid-Age
494.0,Monsters CYA,Steven Colon,male,31.0,Adult
495.0,Monsters CYA,Robert Carpenter,male,44.0,Adult
497.0,Monsters CYA,Christopher Cooper,male,60.0,Mid-Age
498.0,Monsters CYA,Melvin Wineland,male,64.0,Senior
499.0,Monsters CYA,Andrew Sperdute,male,62.0,Senior
500.0,Monsters CYA,Edward Zahner,male,42.0,Adult
501.0,Monsters CYA,Amy Ruff,female,21.0,Young
503.0,Monsters CYA,Mark Smith,male,30.0,Young
505.0,Monsters CYA,Arthur Acevedo,male,24.0,Young
506.0,Monsters CYA,David Grady,male,61.0,Senior
507.0,Monsters CYA,Thomas Coleman,male,57.0,Mid-Age
508.0,Monsters CYA,Gwen Payne,female,64.0,Senior
511.0,Monsters CYA,Wilma Prescott,female,32.0,Adult
512.0,Monsters CYA,Juanita Baker,female,52.0,Mid-Age
513.0,Monsters CYA,Kia Rodriguez,female,64.0,Senior
514.0,Monsters CYA,Myesha Taranto,female,41.0,Adult
516.0,Monsters CYA,Julie Hamson,female,47.0,Mid-Age
518.0,Monsters CYA,James White,male,25.0,Young
519.0,Monsters CYA,Alan Ferebee,male,32.0,Adult
520.0,Monsters CYA,Bobby Alex,male,30.0,Young
521.0,Monsters CYA,Alicia Cedar,female,29.0,Young
522.0,Monsters CYA,Wilfred Briggs,male,55.0,Mid-Age
524.0,Monsters CYA,Linda Parks,female,50.0,Mid-Age
527.0,Monsters CYA,Elma Gonzales,female,40.0,Adult
528.0,Monsters CYA,Frances Kendall,female,34.0,Adult
529.0,Monsters CYA,Gary Pietrafesa,male,34.0,Adult
532.0,Monsters CYA,Florence Wilson,female,42.0,Adult
534.0,Monsters CYA,James Perez,male,21.0,Young
535.0,Monsters CYA,Joann Mccrossen,female,28.0,Young
538.0,Monsters CYA,Marlene Worrell,female,55.0,Mid-Age
543.0,Monsters CYA,Bianca Fitz,female,51.0,Mid-Age
545.0,Monsters CYA,Kenneth Jump,male,46.0,Mid-Age
546.0,Monsters CYA,Abdul Vogus,male,46.0,Mid-Age
548.0,Monsters CYA,Frances Vidal,female,29.0,Young
549.0,Monsters CYA,Margaret Orellana,female,24.0,Young
553.0,Monsters CYA,Diego Boday,male,50.0,Mid-Age
554.0,Monsters CYA,Georgia King,female,27.0,Young
555.0,Monsters CYA,Yolanda Edwards,female,34.0,Adult
556.0,Monsters CYA,Jonathan Dickens,male,48.0,Mid-Age
559.0,Monsters CYA,Betty Ollie,female,64.0,Senior
560.0,Monsters CYA,Pedro Lewis,male,32.0,Adult
561.0,Monsters CYA,Minnie Lesane,female,30.0,Young
566.0,Monsters CYA,Elma Depaz,female,29.0,Young
567.0,Monsters CYA,Darlene Blosser,female,53.0,Mid-Age
569.0,Monsters CYA,Timothy Grady,male,28.0,Young
571.0,Monsters CYA,Nathan Ponder,male,43.0,Adult
572.0,Monsters CYA,Robert Carrell,male,64.0,Senior
575.0,Monsters CYA,Lucy Pagel,female,42.0,Adult
576.0,Monsters CYA,Chad Langevin,male,22.0,Young
578.0,Monsters CYA,Naomi Bartz,female,22.0,Young
579.0,Monsters CYA,Ruby Lewis,female,31.0,Adult
580.0,Monsters CYA,Javier Anthony,male,24.0,Young
581.0,Monsters CYA,Jennie Klein,female,35.0,Adult
582.0,Monsters CYA,Irene Land,female,62.0,Senior
584.0,Monsters CYA,Michael Jenkins,male,37.0,Adult
585.0,Monsters CYA,Clara Taylor,female,63.0,Senior
586.0,Monsters CYA,Gregory Thiboutot,male,39.0,Adult
587.0,Monsters CYA,David Edelson,male,34.0,Adult
590.0,Monsters CYA,Jennifer Cargo,female,22.0,Young
591.0,Monsters CYA,Veronica Salgado,female,65.0,Senior
593.0,Monsters CYA,Matthew Kellogg,male,38.0,Adult
594.0,Monsters CYA,Jason Woods,male,30.0,Young
595.0,Monsters CYA,Maureen Burns,female,34.0,Adult
596.0,Monsters CYA,Dolores Huffman,female,55.0,Mid-Age
597.0,Monsters CYA,Raymond Varner,male,36.0,Adult
598.0,Monsters CYA,Amy Baumann,female,57.0,Mid-Age
599.0,Monsters CYA,Leroy Harris,male,47.0,Mid-Age
601.0,Monsters CYA,Seth Mcclellan,male,32.0,Adult
602.0,Monsters CYA,Renita Smith,female,50.0,Mid-Age
605.0,Monsters CYA,Robert Santos,male,36.0,Adult
606.0,Monsters CYA,David Evans,male,54.0,Mid-Age
607.0,Monsters CYA,Laurie Fine,female,65.0,Senior
609.0,Monsters CYA,Kerri Jones,female,57.0,Mid-Age
611.0,Monsters CYA,Heather Chambers,female,47.0,Mid-Age
612.0,Monsters CYA,Myra Rivera,female,57.0,Mid-Age
613.0,Monsters CYA,Isiah Enriquez,male,53.0,Mid-Age
614.0,Monsters CYA,Anna Zurita,female,41.0,Adult
615.0,Monsters CYA,Stanley Norris,male,64.0,Senior
616.0,Monsters CYA,Jessica Kinsey,female,40.0,Adult
617.0,Monsters CYA,William Miller,male,57.0,Mid-Age
618.0,Monsters CYA,Juanita Deno,female,58.0,Mid-Age
619.0,Monsters CYA,Clifton Parsons,male,45.0,Adult
621.0,Monsters CYA,Kenneth Vue,male,55.0,Mid-Age
622.0,Monsters CYA,Daniel Bollman,male,38.0,Adult
624.0,Monsters CYA,Tracy Brown,female,44.0,Adult
625.0,Monsters CYA,Elizabeth Srinvasan,female,61.0,Senior
626.0,Monsters CYA,Lora Jarman,female,22.0,Young
627.0,Monsters CYA,Michael Sigmon,male,47.0,Mid-Age
628.0,Monsters CYA,Anthony Watson,male,53.0,Mid-Age
630.0,Monsters CYA,Mary Depalma,female,47.0,Mid-Age
633.0,Monsters CYA,Lori Mcknight,female,44.0,Adult
634.0,Monsters CYA,Frank Papa,male,33.0,Adult
635.0,Monsters CYA,Kimberly Barclay,female,48.0,Mid-Age
637.0,Monsters CYA,Robert Pratt,male,28.0,Young
639.0,Monsters CYA,Edna Boyette,female,43.0,Adult
641.0,Monsters CYA,Ashley Servais,female,26.0,Young
642.0,Monsters CYA,Gary Kearney,male,55.0,Mid-Age
643.0,Monsters CYA,David Lucas,male,50.0,Mid-Age
644.0,Monsters CYA,Rita Field,female,49.0,Mid-Age
648.0,Wonka Company,Ethel Dalton,female,31.0,Adult
651.0,Wonka Company,Brett Ahart,male,34.0,Adult
655.0,Wonka Company,Aaron Feliciano,male,60.0,Mid-Age
656.0,Wonka Company,Kenneth Quick,male,33.0,Adult
657.0,Wonka Company,Leta Garber,female,45.0,Adult
658.0,Wonka Company,Bryce Gearing,male,22.0,Young
659.0,Wonka Company,Juan Kloke,male,57.0,Mid-Age
661.0,Wonka Company,David Michl,male,30.0,Young
662.0,Wonka Company,Everett Schlesener,male,57.0,Mid-Age
663.0,Wonka Company,Michelle Richey,female,49.0,Mid-Age
664.0,Wonka Company,Janet Romero,female,28.0,Young
666.0,Wonka Company,Ronald Barrett,male,22.0,Young
667.0,Wonka Company,Clayton Cline,male,39.0,Adult
669.0,Wonka Company,Shari Reynolds,female,54.0,Mid-Age
671.0,Wonka Company,Pedro Woodbury,male,65.0,Senior
672.0,Wonka Company,Patricia Mcdonald,female,45.0,Adult
675.0,Wonka Company,Carol Cobb,female,39.0,Adult
676.0,Wonka Company,Mary Burkett,female,22.0,Young
677.0,Wonka Company,Bernard Park,male,48.0,Mid-Age
679.0,Wonka Company,Tim Ransom,male,47.0,Mid-Age
681.0,Wonka Company,Myrtle Churchill,female,51.0,Mid-Age
683.0,Wonka Company,Loma Walker,female,25.0,Young
684.0,Wonka Company,Robert Mitchell,male,49.0,Mid-Age
685.0,Wonka Company,Michael Shields,male,33.0,Adult
686.0,Wonka Company,Joyce Seifert,female,56.0,Mid-Age
687.0,Wonka Company,Lora Perez,female,23.0,Young
688.0,Wonka Company,John Orr,male,27.0,Young
690.0,Wonka Company,William Glancy,male,64.0,Senior
691.0,Wonka Company,Rhonda Hauck,female,25.0,Young
692.0,Wonka Company,Mike Grimmett,male,50.0,Mid-Age
693.0,Wonka Company,Pauline Huff,female,59.0,Mid-Age
695.0,Wonka Company,Clement Johnson,male,59.0,Mid-Age
696.0,Wonka Company,Michael Nutt,male,21.0,Young
697.0,Wonka Company,Donald Clairmont,male,62.0,Senior
698.0,Wonka Company,Susan Anderson,female,51.0,Mid-Age
699.0,Wonka Company,Kevin Lamb,male,43.0,Adult
700.0,Wonka Company,John Mcvey,male,28.0,Young
701.0,Wonka Company,Evelyn Murawski,female,41.0,Adult
702.0,Wonka Company,Joseph Clymer,male,38.0,Adult
704.0,Wonka Company,Kevin Chiang,male,52.0,Mid-Age
705.0,Wonka Company,Shirley Smith,female,32.0,Adult
707.0,Wonka Company,Arthur Hendrix,male,37.0,Adult
708.0,Wonka Company,Gary Heard,male,53.0,Mid-Age
710.0,Wonka Company,Cynthia Mekee,female,31.0,Adult
711.0,Wonka Company,Esther Odonnell,female,32.0,Adult
712.0,Wonka Company,Kristin Davis,female,45.0,Adult
713.0,Wonka Company,Harvey Craig,male,42.0,Adult
715.0,Wonka Company,Martha Smith,female,27.0,Young
716.0,Wonka Company,Charles Mullins,male,46.0,Mid-Age
717.0,Wonka Company,Mary Kelly,female,41.0,Adult
718.0,Wonka Company,Brooke Gilbert,female,57.0,Mid-Age
719.0,Wonka Company,Cory Ruiz,male,64.0,Senior
721.0,Wonka Company,Gregory Huntington,male,41.0,Adult
723.0,Wonka Company,Charles Morgan,male,34.0,Adult
724.0,Wonka Company,Elizabeth Gastelum,female,34.0,Adult
726.0,Wonka Company,David Bowers,male,34.0,Adult
727.0,Wonka Company,Jeffrey Collazo,male,25.0,Young
729.0,Wonka Company,Hattie Martin,female,55.0,Mid-Age
730.0,Wonka Company,Lori Gonzalez,female,32.0,Adult
731.0,Wonka Company,Linda Goodson,female,51.0,Mid-Age
732.0,Wonka Company,Vickie Nave,female,42.0,Adult
734.0,Wonka Company,Ronald Pierson,male,34.0,Adult
735.0,Wonka Company,William Mckay,male,36.0,Adult
736.0,Wonka Company,Shawn Hacker,female,57.0,Mid-Age
738.0,Wonka Company,Luciano Harris,male,58.0,Mid-Age
739.0,Wonka Company,Adrianne Pierre,female,53.0,Mid-Age
740.0,Wonka Company,Milton Stanley,male,50.0,Mid-Age
742.0,Wonka Company,Anna Willis,female,22.0,Young
743.0,Wonka Company,Mckenzie Dougherty,female,60.0,Mid-Age
744.0,Wonka Company,Carmen Delisi,male,26.0,Young
745.0,Wonka Company,Elizabeth Hewitt,female,53.0,Mid-Age
747.0,Wonka Company,Ruth Bennett,female,51.0,Mid-Age
748.0,Wonka Company,Bradley Rhodes,male,47.0,Mid-Age
749.0,Wonka Company,Ernest Reyes,male,55.0,Mid-Age
750.0,Wonka Company,Kathleen Tsang,female,41.0,Adult
752.0,Wonka Company,James Pizarro,male,64.0,Senior
753.0,Wonka Company,Eric Capps,male,51.0,Mid-Age
754.0,Wonka Company,Barry Smithers,male,49.0,Mid-Age
756.0,Wonka Company,Connie Stokes,female,27.0,Young
757.0,Wonka Company,Muriel Booth,female,38.0,Adult
758.0,Wonka Company,William Garcia,male,64.0,Senior
759.0,Wonka Company,Robert Schrader,male,27.0,Young
760.0,Wonka Company,Andrew Stoddard,male,44.0,Adult
761.0,Wonka Company,Ralph Paquin,male,31.0,Adult
762.0,Wonka Company,Viola Munoz,female,35.0,Adult
765.0,Wonka Company,Nancy Fanno,female,40.0,Adult
766.0,Wonka Company,Anthony Young,male,30.0,Young
767.0,Wonka Company,Keely Rice,female,25.0,Young
769.0,Wonka Company,Susan Lacy,female,50.0,Mid-Age
770.0,Wonka Company,Bobbie Murray,female,51.0,Mid-Age
773.0,Wonka Company,Edna Clyne,female,56.0,Mid-Age
774.0,Wonka Company,Micheal Blakely,male,43.0,Adult
775.0,Wonka Company,Frances Bass,female,27.0,Young
776.0,Wonka Company,Sharon Fontenot,female,48.0,Mid-Age
780.0,Wonka Company,Ashley Moon,female,40.0,Adult
781.0,Wonka Company,James Sanchez,male,30.0,Young
785.0,Wonka Company,James Wells,male,24.0,Young
786.0,Wonka Company,Krista Vandyke,female,29.0,Young
787.0,Wonka Company,Jessie Tu,female,43.0,Adult
789.0,Wonka Company,Katharine Perry,female,54.0,Mid-Age
791.0,Wonka Company,Donald Hysmith,male,50.0,Mid-Age
792.0,Wonka Company,Brent Williams,male,44.0,Adult
793.0,Wonka Company,Regina Garza,female,29.0,Young
794.0,Wonka Company,Beatrice Curtis,female,31.0,Adult
795.0,Wonka Company,Eric Ison,male,52.0,Mid-Age
797.0,Wonka Company,Andre Harris,male,22.0,Young
798.0,Wonka Company,John Byrne,male,64.0,Senior
799.0,Wonka Company,Edwina Zamora,female,56.0,Mid-Age
800.0,Wonka Company,Linda Hixon,female,42.0,Adult
801.0,Wonka Company,Ronald Foley,male,63.0,Senior
803.0,Wonka Company,Charlotte Foster,female,40.0,Adult
806.0,Wonka Company,Amy Coppage,female,52.0,Mid-Age
807.0,Wonka Company,John Isaksen,male,23.0,Young
808.0,Wonka Company,Judy Williams,female,27.0,Young
809.0,Wonka Company,Davina Tyler,female,22.0,Young
810.0,Wonka Company,Louise Hoffman,female,58.0,Mid-Age
811.0,Wonka Company,Therese Behne,female,59.0,Mid-Age
812.0,Wonka Company,Allan Mclaughlin,male,46.0,Mid-Age
813.0,Wonka Company,Shani Stutz,female,64.0,Senior
814.0,Wonka Company,Martha Powell,female,46.0,Mid-Age
815.0,Wonka Company,Monica Mcintyre,female,45.0,Adult
817.0,Wonka Company,Charlotte Mcneal,female,44.0,Adult
818.0,Wonka Company,Ralph Macdonald,male,60.0,Mid-Age
819.0,Wonka Company,Linda Cunningham,female,55.0,Mid-Age
820.0,Wonka Company,Walter Johnson,male,44.0,Adult
821.0,Wonka Company,Deborah Ryan,female,35.0,Adult
822.0,Wonka Company,Frankie Ortega,female,54.0,Mid-Age
825.0,Wonka Company,Karen Gilley,female,35.0,Adult
826.0,Wonka Company,Chris Gregory,male,44.0,Adult
827.0,Wonka Company,James Lubin,male,54.0,Mid-Age
828.0,Wonka Company,Thomas Chary,male,23.0,Young
829.0,Wonka Company,William Johnson,male,50.0,Mid-Age
830.0,Wonka Company,Carlos Hernandez,male,32.0,Adult
831.0,Wonka Company,Dorothy Lawrence,female,28.0,Young
832.0,Wonka Company,Richard Ware,male,55.0,Mid-Age
834.0,Wonka Company,Carlos Lanier,male,58.0,Mid-Age
835.0,Wonka Company,Phyllis Morse,female,46.0,Mid-Age
836.0,Wonka Company,Edward Amsterdam,male,36.0,Adult
837.0,Wonka Company,Harold Uren,male,50.0,Mid-Age
838.0,Wonka Company,Rosemary Kelly,female,23.0,Young
839.0,Wonka Company,Ben Brummer,male,55.0,Mid-Age
842.0,Wonka Company,Lavinia Hankey,female,32.0,Adult
843.0,Wonka Company,Michael Dabbs,male,29.0,Young
844.0,Wonka Company,Brian Morales,male,56.0,Mid-Age
846.0,Wonka Company,Thomas Cagle,male,42.0,Adult
848.0,Wonka Company,Patrick Henderson,male,37.0,Adult
849.0,Wonka Company,Lisa Castro,female,25.0,Young
850.0,Wonka Company,Mike Williamson,male,63.0,Senior
852.0,Wonka Company,Kaitlyn Wood,female,57.0,Mid-Age
853.0,Wonka Company,Fred Bergeson,male,40.0,Adult
856.0,Wonka Company,Jake Rollo,male,60.0,Mid-Age
858.0,Wonka Company,Helen Baker,female,31.0,Adult
859.0,Wonka Company,Reyna Nelson,female,32.0,Adult
860.0,Wonka Company,Trent Hughes,male,33.0,Adult
865.0,Wonka Company,Gary Thurston,male,49.0,Mid-Age
866.0,Wonka Company,Yvonne Ahmad,female,46.0,Mid-Age
867.0,Wonka Company,John Rivera,male,40.0,Adult
868.0,Wonka Company,Eric Galioto,male,37.0,Adult
869.0,Wonka Company,Jose Bowen,male,65.0,Senior
871.0,Wonka Company,Ruben Beezley,male,21.0,Young
873.0,Wonka Company,William Lindsey,male,27.0,Young
875.0,Wonka Company,John White,male,61.0,Senior
876.0,Wonka Company,John Harris,male,22.0,Young
877.0,Wonka Company,Kevin Gay,male,48.0,Mid-Age
879.0,Wonka Company,Tyler Eddy,male,65.0,Senior
880.0,Wonka Company,Alejandro Hess,male,61.0,Senior
881.0,Wonka Company,Marlene Williams,female,42.0,Adult
882.0,Wonka Company,Kimberlee Knipper,female,58.0,Mid-Age
883.0,Wonka Company,Laura Webb,female,46.0,Mid-Age
885.0,Acme Factory,Erma Smith,female,28.0,Young
887.0,Acme Factory,Candida Marrs,female,46.0,Mid-Age
888.0,Acme Factory,James Ayala,male,23.0,Young
890.0,Acme Factory,Tyler Jones,male,58.0,Mid-Age
891.0,Acme Factory,Carolyn Caldwell,female,31.0,Adult
892.0,Acme Factory,Tanya Norman,female,23.0,Young
894.0,Acme Factory,Ashley Miller,female,24.0,Young
895.0,Acme Factory,Alex Fratta,male,33.0,Adult
896.0,Acme Factory,Josephine Sigmon,female,50.0,Mid-Age
897.0,Acme Factory,Thomas Smith,male,59.0,Mid-Age
898.0,Acme Factory,Edwin Miller,male,29.0,Young
900.0,Acme Factory,Darin Lopez,male,35.0,Adult
905.0,Acme Factory,John Curtiss,male,53.0,Mid-Age
906.0,Acme Factory,Mario Mendoza,male,41.0,Adult
908.0,Acme Factory,Mary Worley,female,56.0,Mid-Age
910.0,Acme Factory,William Anderson,male,59.0,Mid-Age
911.0,Acme Factory,Eric Starkey,male,47.0,Mid-Age
912.0,Acme Factory,Nicole Gray,female,43.0,Adult
913.0,Acme Factory,Elsa Wagner,female,37.0,Adult
914.0,Acme Factory,Jeffrey Ramage,male,40.0,Adult
915.0,Acme Factory,Beau Butler,male,56.0,Mid-Age
916.0,Acme Factory,Clifford Gonzalez,male,33.0,Adult
917.0,Acme Factory,Claude Ramos,male,46.0,Mid-Age
918.0,Acme Factory,Jennifer Gray,female,24.0,Young
919.0,Acme Factory,Robert Luther,male,52.0,Mid-Age
920.0,Acme Factory,Vincent Reyna,male,65.0,Senior
922.0,Acme Factory,Earl Collins,male,31.0,Adult
924.0,Acme Factory,Marie Witt,female,45.0,Adult
926.0,Acme Factory,Bertha Garcia,female,28.0,Young
927.0,Acme Factory,Dolores Chambers,female,55.0,Mid-Age
928.0,Acme Factory,Sonia Walsh,female,24.0,Young
929.0,Acme Factory,Ann Pope,female,37.0,Adult
930.0,Acme Factory,Juan Steinberg,male,39.0,Adult
931.0,Acme Factory,Michael Whitmire,male,56.0,Mid-Age
932.0,Acme Factory,Theresa Smith,female,43.0,Adult
934.0,Acme Factory,Harvey Violette,male,25.0,Young
935.0,Acme Factory,Santo Christ,male,46.0,Mid-Age
936.0,Acme Factory,Mary Everts,female,51.0,Mid-Age
939.0,Acme Factory,Timothy Taylor,male,37.0,Adult
941.0,Acme Factory,Wendy Ferguson,female,57.0,Mid-Age
945.0,Acme Factory,Kirk Mccormick,male,55.0,Mid-Age
947.0,Acme Factory,Beth Bloodsaw,female,43.0,Adult
948.0,Acme Factory,Phyllis Flynn,female,36.0,Adult
949.0,Acme Factory,Regan Edwards,female,54.0,Mid-Age
950.0,Acme Factory,Ivan Henton,male,32.0,Adult
951.0,Acme Factory,Kathleen Glass,female,35.0,Adult
952.0,Acme Factory,Nathan Binder,male,30.0,Young
953.0,Acme Factory,Jeffrey Sutton,male,55.0,Mid-Age
954.0,Acme Factory,James Potts,male,52.0,Mid-Age
955.0,Acme Factory,Tad Corry,male,27.0,Young
956.0,Acme Factory,Clarence Gracely,male,51.0,Mid-Age
957.0,Acme Factory,Charles Zoutte,male,64.0,Senior
958.0,Acme Factory,Glenn Jenkins,male,51.0,Mid-Age
960.0,Acme Factory,Theresa Guttmann,female,33.0,Adult
961.0,Acme Factory,Howard Price,male,34.0,Adult
962.0,Acme Factory,Tiffany Behm,female,46.0,Mid-Age
963.0,Acme Factory,Robert Taylor,male,54.0,Mid-Age
964.0,Acme Factory,Ernest Bybee,male,62.0,Senior
966.0,Acme Factory,Steven Armstrong,male,54.0,Mid-Age
968.0,Acme Factory,Martha Cole,female,41.0,Adult
969.0,Acme Factory,Christopher Marquez,male,27.0,Young
970.0,Acme Factory,Juan Flood,male,35.0,Adult
971.0,Acme Factory,Mona Wilson,female,58.0,Mid-Age
973.0,Acme Factory,Kathleen Fernandez,female,64.0,Senior
974.0,Acme Factory,Katina Filion,female,50.0,Mid-Age
976.0,Acme Factory,Maria Peterson,female,62.0,Senior
978.0,Acme Factory,Melanie Mcquistion,female,35.0,Adult
979.0,Acme Factory,Joshua Hurdle,male,42.0,Adult
980.0,Acme Factory,Bill Cotton,male,42.0,Adult
982.0,Acme Factory,Clarence Mcintosh,male,57.0,Mid-Age
983.0,Acme Factory,Daniel Marin,male,43.0,Adult
985.0,Acme Factory,Laura Ramirez,female,42.0,Adult
988.0,Acme Factory,Tosha Hilton,female,36.0,Adult
989.0,Acme Factory,William Battey,male,28.0,Young
990.0,Acme Factory,Lorriane Potts,female,48.0,Mid-Age
991.0,Acme Factory,Daniel Kraham,male,62.0,Senior
992.0,Acme Factory,Claudia Liang,female,27.0,Young
993.0,Acme Factory,Shirley Baldwin,female,38.0,Adult
994.0,Acme Factory,Marion Deleon,female,26.0,Young
997.0,Acme Factory,Shirley Rowles,female,39.0,Adult
1001.0,Acme Factory,Josephine Strasser,female,21.0,Young
1002.0,Acme Factory,Nancy Kramer,female,55.0,Mid-Age
1003.0,Acme Factory,Wanda Underwood,female,38.0,Adult
1005.0,Acme Factory,Tara Moore,female,54.0,Mid-Age
1007.0,Acme Factory,Shirley Barnhill,female,51.0,Mid-Age
1010.0,Acme Factory,Donald Bennett,male,61.0,Senior
1012.0,Acme Factory,Marvel Gill,female,46.0,Mid-Age
1013.0,Acme Factory,Lydia Estrella,female,31.0,Adult
1016.0,Acme Factory,Nola Harris,female,54.0,Mid-Age
1017.0,Acme Factory,Duane Norton,male,47.0,Mid-Age
1018.0,Acme Factory,Elke Cavallaro,female,31.0,Adult
1019.0,Acme Factory,Doris Irby,female,31.0,Adult
1020.0,Acme Factory,Trina Smith,female,34.0,Adult
1021.0,Acme Factory,Martha Calhoun,female,58.0,Mid-Age
1023.0,Acme Factory,Robert Avila,male,54.0,Mid-Age
1025.0,Acme Factory,Steven Napier,male,57.0,Mid-Age
1026.0,Acme Factory,Ted Bonneau,male,44.0,Adult
1028.0,Acme Factory,Jonathan Crawford,male,59.0,Mid-Age
1029.0,Acme Factory,Steven Carlisle,male,43.0,Adult
1033.0,Acme Factory,Chad Treisch,male,53.0,Mid-Age
1034.0,Acme Factory,Alton Jastrebski,male,32.0,Adult
1036.0,Acme Factory,Helen Hammond,female,60.0,Mid-Age
1037.0,Acme Factory,Amanda Kohn,female,40.0,Adult
1038.0,Acme Factory,Alice Hernandez,female,46.0,Mid-Age
1039.0,Acme Factory,Laura Jaynes,female,44.0,Adult
1040.0,Acme Factory,Jean Duke,male,36.0,Adult
1041.0,Acme Factory,Mike Casillas,male,33.0,Adult
1042.0,Acme Factory,Juan Pearson,male,65.0,Senior
1044.0,Acme Factory,Adam Clasen,male,27.0,Young
1048.0,Acme Factory,Grace Martin,female,27.0,Young
1049.0,Acme Factory,Nannie Warren,female,53.0,Mid-Age
1051.0,Acme Factory,Catalina Rosario,female,57.0,Mid-Age
1053.0,Acme Factory,Paul Hovermale,male,46.0,Mid-Age
1054.0,Acme Factory,Leslie Rosas,female,38.0,Adult
1056.0,Acme Factory,Guy Love,male,37.0,Adult
1057.0,Acme Factory,Mark Harris,male,50.0,Mid-Age
1058.0,Acme Factory,Charles Gibbons,male,44.0,Adult
1061.0,Acme Factory,Lisa Treadway,female,31.0,Adult
1062.0,Acme Factory,Gilbert Burroughs,male,27.0,Young
1064.0,Acme Factory,Mark Brownfield,male,63.0,Senior
1065.0,Acme Factory,Casey Joos,male,60.0,Mid-Age
1066.0,Acme Factory,Virginia Walker,female,43.0,Adult
1067.0,Acme Factory,Rosita Dorsch,female,36.0,Adult
1068.0,Acme Factory,Melissa Morrison,female,61.0,Senior
1069.0,Acme Factory,Luther Campbell,male,49.0,Mid-Age
1070.0,Acme Factory,Darren Rice,male,26.0,Young
1072.0,Acme Factory,Glenna Ernst,female,47.0,Mid-Age
1073.0,Acme Factory,Monika Lightner,female,62.0,Senior
1074.0,Acme Factory,Judy Dickie,female,34.0,Adult
1076.0,Acme Factory,Camille Bosley,female,47.0,Mid-Age
1079.0,Acme Factory,Hortensia Finch,female,62.0,Senior
1080.0,Acme Factory,Ramon Shoji,male,53.0,Mid-Age
1081.0,Acme Factory,Albert Sparks,male,58.0,Mid-Age
1082.0,Acme Factory,Jonathan Partlow,male,37.0,Adult
1084.0,Acme Factory,Gregory Clay,male,59.0,Mid-Age
1085.0,Acme Factory,Rose Snow,female,23.0,Young
1087.0,Acme Factory,Sona Paolucci,female,52.0,Mid-Age
1088.0,Acme Factory,Jack Gold,male,24.0,Young
1091.0,Acme Factory,Richard Mcdaries,male,22.0,Young
1092.0,Acme Factory,Bryon Denton,male,38.0,Adult
1093.0,Acme Factory,Todd Morgan,male,24.0,Young
1094.0,Acme Factory,Arlene Suk,female,25.0,Young
1095.0,Acme Factory,Sam Donnelly,male,26.0,Young
1096.0,Acme Factory,Rosemary Finnell,female,29.0,Young
1098.0,Acme Factory,Lyman Aguinaldo,male,61.0,Senior
1099.0,Acme Factory,Joseph Nitz,male,36.0,Adult
1101.0,Acme Factory,Kristin Gaiser,female,58.0,Mid-Age
1103.0,Acme Factory,Bernice Baker,female,23.0,Young
1106.0,Acme Factory,Dwight Hammers,male,34.0,Adult
1107.0,Acme Factory,Hildegard Gerlach,female,40.0,Adult
1108.0,Acme Factory,Jennifer Ferrer,female,65.0,Senior
1109.0,Acme Factory,Gregory Fiorini,male,28.0,Young
1111.0,Acme Factory,Agnes Allen,female,61.0,Senior
1113.0,Acme Factory,Travis Cordell,male,44.0,Adult
1114.0,Acme Factory,Sandra Wang,female,50.0,Mid-Age
1115.0,Acme Factory,Naomi Varner,female,58.0,Mid-Age
1116.0,Acme Factory,Henry Korczynski,male,21.0,Young
1118.0,Acme Factory,Emanuel Ross,male,47.0,Mid-Age
1120.0,Acme Factory,Josephine Underwood,female,56.0,Mid-Age
1121.0,Acme Factory,Carrie Weir,female,43.0,Adult
1122.0,Acme Factory,Kevin Summers,male,43.0,Adult
1123.0,Acme Factory,Heath Lapierre,male,33.0,Adult
1124.0,Acme Factory,Claude Hiatt,male,24.0,Young
1125.0,Acme Factory,Rebecca Englert,female,50.0,Mid-Age
1126.0,Acme Factory,Walter Bernat,male,27.0,Young
1127.0,Acme Factory,Holly Payton,female,46.0,Mid-Age
1129.0,Acme Factory,Melvin Griggs,male,48.0,Mid-Age
1131.0,Acme Factory,Aaron Dyson,male,28.0,Young
1132.0,Acme Factory,Shannon Venegas,female,38.0,Adult
1133.0,Acme Factory,Brady Harris,male,57.0,Mid-Age
1135.0,Acme Factory,Jessica Sancho,female,38.0,Adult
1137.0,Acme Factory,Jessica Christensen,female,47.0,Mid-Age
1138.0,Acme Factory,Leonora Davis,female,26.0,Young
1139.0,Acme Factory,Marcos Kirk,male,34.0,Adult
1140.0,Acme Factory,Nathan Robertson,male,58.0,Mid-Age
1141.0,Acme Factory,Anthony Doggett,male,28.0,Young
1142.0,Acme Factory,Larry Gonzales,male,36.0,Adult
1144.0,Acme Factory,Norbert Covington,male,30.0,Young
1146.0,Umbrella LTDA,Cynthia Espinal,female,63.0,Senior
1147.0,Umbrella LTDA,Bradley Slaughter,male,33.0,Adult
1148.0,Umbrella LTDA,Laurel Rodriguez,female,45.0,Adult
1149.0,Umbrella LTDA,Troy Gates,male,59.0,Mid-Age
1151.0,Umbrella LTDA,Kathy Le,female,29.0,Young
1152.0,Umbrella LTDA,Daniel Swanger,male,31.0,Adult
1153.0,Umbrella LTDA,Joyce Holsten,female,42.0,Adult
1154.0,Umbrella LTDA,Amy Miller,female,28.0,Young
1155.0,Umbrella LTDA,Megan Anderson,female,59.0,Mid-Age
1156.0,Umbrella LTDA,Michael Mitchell,male,31.0,Adult
1157.0,Umbrella LTDA,Vilma Gehring,female,58.0,Mid-Age
1158.0,Umbrella LTDA,Kristyn Vincent,female,39.0,Adult
1159.0,Umbrella LTDA,Crystal Fontaine,female,40.0,Adult
1160.0,Umbrella LTDA,Garth Alvarez,male,47.0,Mid-Age
1161.0,Umbrella LTDA,Mildred Correa,female,47.0,Mid-Age
1162.0,Umbrella LTDA,Donnie Taylor,male,36.0,Adult
1163.0,Umbrella LTDA,Robert Chalker,male,44.0,Adult
1164.0,Umbrella LTDA,John Brooks,male,39.0,Adult
1165.0,Umbrella LTDA,Shonna Humpherys,female,61.0,Senior
1166.0,Umbrella LTDA,John Watson,male,32.0,Adult
1167.0,Umbrella LTDA,Richard Kiani,male,21.0,Young
1168.0,Umbrella LTDA,Myrtle Johnson,female,31.0,Adult
1169.0,Umbrella LTDA,Edward Jablonski,male,50.0,Mid-Age
1170.0,Umbrella LTDA,William Henslee,male,62.0,Senior
1171.0,Umbrella LTDA,Nichelle Kercher,female,38.0,Adult
1172.0,Umbrella LTDA,Margaret Lee,female,21.0,Young
1176.0,Umbrella LTDA,Christopher Allred,male,31.0,Adult
1177.0,Umbrella LTDA,Brenda Faulk,female,59.0,Mid-Age
1178.0,Umbrella LTDA,Matthew Sell,male,37.0,Adult
1179.0,Umbrella LTDA,Veronica Mcnear,female,43.0,Adult
1183.0,Umbrella LTDA,Robin Taylor,male,28.0,Young
1185.0,Umbrella LTDA,Andrew Neely,male,47.0,Mid-Age
1186.0,Umbrella LTDA,Wilson Kellam,male,56.0,Mid-Age
1187.0,Umbrella LTDA,Cody Foster,male,27.0,Young
1189.0,Umbrella LTDA,Jame Weber,male,50.0,Mid-Age
1190.0,Umbrella LTDA,Matthew Lewis,male,21.0,Young
1191.0,Umbrella LTDA,Charles Plotkin,male,51.0,Mid-Age
1192.0,Umbrella LTDA,Danny Henderson,male,32.0,Adult
1195.0,Umbrella LTDA,Sandra Newsome,female,35.0,Adult
1200.0,Umbrella LTDA,Alicia Gilchrist,female,62.0,Senior
1201.0,Umbrella LTDA,Samuel Bejarano,male,36.0,Adult
1204.0,Umbrella LTDA,Andrew Gonzales,male,35.0,Adult
1205.0,Umbrella LTDA,Julee Ruper,female,36.0,Adult
1206.0,Umbrella LTDA,Richard Warren,male,64.0,Senior
1207.0,Umbrella LTDA,Robert Fulcher,male,25.0,Young
1208.0,Umbrella LTDA,Kyle Jewell,male,42.0,Adult
1211.0,Umbrella LTDA,Keely Richardson,female,31.0,Adult
1212.0,Umbrella LTDA,Frances Workman,female,39.0,Adult
1214.0,Umbrella LTDA,Lydia Goff,female,28.0,Young
1215.0,Umbrella LTDA,Zoe Ruiz,female,24.0,Young
1219.0,Umbrella LTDA,Brian Walker,male,26.0,Young
1221.0,Umbrella LTDA,Clifton Phillips,male,33.0,Adult
1222.0,Umbrella LTDA,Steven Smith,male,64.0,Senior
1225.0,Umbrella LTDA,Danielle Williams,female,27.0,Young
1226.0,Umbrella LTDA,Sandy Ayala,male,22.0,Young
1227.0,Umbrella LTDA,Danny Pitpitan,male,35.0,Adult
1228.0,Umbrella LTDA,Jerry Warman,male,22.0,Young
1229.0,Umbrella LTDA,Wilson Lawler,male,35.0,Adult
1230.0,Umbrella LTDA,Daniel Terry,male,32.0,Adult
1231.0,Umbrella LTDA,Clarence Carleton,male,53.0,Mid-Age
1232.0,Umbrella LTDA,Christine Fuller,female,63.0,Senior
1233.0,Umbrella LTDA,Betty Amos,female,60.0,Mid-Age
1234.0,Umbrella LTDA,Kayla Henkes,female,62.0,Senior
1237.0,Umbrella LTDA,Kathryn Allen,female,55.0,Mid-Age
1239.0,Umbrella LTDA,Vanessa Mckay,female,23.0,Young
1240.0,Umbrella LTDA,Scott Evans,male,48.0,Mid-Age
1241.0,Umbrella LTDA,Frances Anderson,female,62.0,Senior
1243.0,Umbrella LTDA,Terri Mario,female,64.0,Senior
1245.0,Umbrella LTDA,Sandra Fisher,female,39.0,Adult
1248.0,Umbrella LTDA,Mathew Marin,male,23.0,Young
1249.0,Umbrella LTDA,Eleanor Washington,female,42.0,Adult
1250.0,Umbrella LTDA,Lisa Beaman,female,53.0,Mid-Age
1251.0,Umbrella LTDA,Patrick Warfield,male,58.0,Mid-Age
1254.0,Umbrella LTDA,Lorraine Langston,female,59.0,Mid-Age
1255.0,Umbrella LTDA,Addie Jones,female,37.0,Adult
1256.0,Umbrella LTDA,Francisco Sierra,male,28.0,Young
1257.0,Umbrella LTDA,Andre Chambers,male,31.0,Adult
1258.0,Umbrella LTDA,Daniel Williams,male,32.0,Adult
1263.0,Umbrella LTDA,Susan Fassino,female,29.0,Young
1264.0,Umbrella LTDA,George Herring,male,28.0,Young
1265.0,Umbrella LTDA,Lisa Strickland,female,50.0,Mid-Age
1266.0,Umbrella LTDA,Patricia Albino,female,58.0,Mid-Age
1267.0,Umbrella LTDA,Robert Leek,male,44.0,Adult
1268.0,Umbrella LTDA,Kathleen Heller,female,46.0,Mid-Age
1269.0,Umbrella LTDA,Debra Stubbs,female,60.0,Mid-Age
1271.0,Umbrella LTDA,Jessica Hoskins,female,61.0,Senior
1272.0,Umbrella LTDA,Deborah Keiser,female,61.0,Senior
1273.0,Umbrella LTDA,Mary Cline,female,36.0,Adult
1275.0,Umbrella LTDA,Randall Vanhoose,male,39.0,Adult
1276.0,Umbrella LTDA,David Mankey,male,49.0,Mid-Age
1277.0,Umbrella LTDA,Paul Shields,male,37.0,Adult
1278.0,Umbrella LTDA,Wayne Williams,male,35.0,Adult
1281.0,Umbrella LTDA,Shirley Ortiz,female,63.0,Senior
1282.0,Umbrella LTDA,John Martindale,male,30.0,Young
1284.0,Umbrella LTDA,June Chynoweth,female,47.0,Mid-Age
1285.0,Umbrella LTDA,Bill Wright,male,37.0,Adult
1286.0,Umbrella LTDA,Beverly Campbell,female,64.0,Senior
1287.0,Umbrella LTDA,Lorene Mason,female,58.0,Mid-Age
1289.0,Umbrella LTDA,Shirley Oneal,female,24.0,Young
1290.0,Umbrella LTDA,William Sabir,male,32.0,Adult
1291.0,Umbrella LTDA,Bonnie Miller,female,56.0,Mid-Age
1292.0,Umbrella LTDA,Nicole Conroy,female,32.0,Adult
1294.0,Umbrella LTDA,John Moroney,male,34.0,Adult
1295.0,Umbrella LTDA,Lauren Reynolds,female,46.0,Mid-Age
1296.0,Umbrella LTDA,Julie Lefebvre,female,59.0,Mid-Age
1297.0,Umbrella LTDA,Kathleen Griggs,female,49.0,Mid-Age
1298.0,Umbrella LTDA,Lori Barbour,female,32.0,Adult
1300.0,Umbrella LTDA,Cynthia Noguera,female,30.0,Young
1301.0,Umbrella LTDA,Joseph Turner,male,57.0,Mid-Age
1302.0,Umbrella LTDA,Marilee Thompson,female,63.0,Senior
1303.0,Umbrella LTDA,Douglas Kreider,male,59.0,Mid-Age
1304.0,Umbrella LTDA,Daniel Chobot,male,57.0,Mid-Age
1305.0,Umbrella LTDA,Sandra Cutlip,female,51.0,Mid-Age
1306.0,Umbrella LTDA,David Trost,male,40.0,Adult
1307.0,Umbrella LTDA,Carl Branch,male,56.0,Mid-Age
1308.0,Umbrella LTDA,Yolanda Perry,female,25.0,Young
1310.0,Umbrella LTDA,Billy Polly,male,46.0,Mid-Age
1311.0,Umbrella LTDA,Timothy Boyce,male,65.0,Senior
1312.0,Umbrella LTDA,Matthew Eskridge,male,38.0,Adult
1313.0,Umbrella LTDA,Milton Thompson,male,61.0,Senior
1314.0,Umbrella LTDA,Janet Bufkin,female,43.0,Adult
1315.0,Umbrella LTDA,Annabel Loughran,female,23.0,Young
1316.0,Umbrella LTDA,Joseph Colvin,male,50.0,Mid-Age
1320.0,Umbrella LTDA,Trevor Robinson,male,26.0,Young
1323.0,Umbrella LTDA,Helen Warner,female,24.0,Young
1325.0,Umbrella LTDA,Doris Wendt,female,51.0,Mid-Age
1326.0,Umbrella LTDA,Phillip Sarni,male,60.0,Mid-Age
1327.0,Umbrella LTDA,Joseph Mccoy,male,42.0,Adult
1328.0,Umbrella LTDA,Cheryl Avila,female,51.0,Mid-Age
1329.0,Umbrella LTDA,Alva Johnson,male,59.0,Mid-Age
1331.0,Umbrella LTDA,Nathan Kyle,male,37.0,Adult
1332.0,Umbrella LTDA,Kimberly Jessica,female,37.0,Adult
1333.0,Umbrella LTDA,Misty Littlefield,female,21.0,Young
1334.0,Umbrella LTDA,Tina Lancaster,female,60.0,Mid-Age
1335.0,Umbrella LTDA,Albert Garroutte,male,23.0,Young
1336.0,Umbrella LTDA,Kim Shores,female,40.0,Adult
1337.0,Umbrella LTDA,James Gimenez,male,28.0,Young
1338.0,Umbrella LTDA,Viola Agosta,female,52.0,Mid-Age
1339.0,Umbrella LTDA,Paul Rodriguez,male,35.0,Adult
